<?xml version='1.0' encoding='utf-8'?>
<!DOCTYPE hibernate-configuration PUBLIC
        "-//Hibernate/Hibernate Configuration DTD//EN"
        "http://www.hibernate.org/dtd/hibernate-configuration-3.0.dtd">
<hibernate-configuration>
    <session-factory>
        <property name="hibernate.connection.driver_class">com.mysql.cj.jdbc.Driver</property>
        <property name="hibernate.connection.url">
            jdbc:mysql://localhost:3306/paises_orm?createDatabaseIfNotExist=true
        </property>
        <property name="hibernate.connection.username">root</property>
        <property name="hibernate.connection.password">admin</property>
        <property name="hibernate.show_sql">true</property>
        <property name="hibernate.format_sql">true</property>
        <property name="hibernate.use_sql_comments">false</property>
        <property name="hibernate.hbm2ddl.auto">create</property>
        <mapping class="org.portada.modelo.Pais"/>
        <mapping class="org.portada.modelo.Presidente"/>
        <mapping class="org.portada.modelo.Lengua"/>
        <mapping class="org.portada.modelo.Region"/>
    </session-factory>
</hibernate-configuration>