<?xml version='1.0' encoding='utf-8'?>
<!DOCTYPE hibernate-configuration PUBLIC
    "-//Hibernate/Hibernate Configuration DTD//EN"
    "http://www.hibernate.org/dtd/hibernate-configuration-3.0.dtd">
<hibernate-configuration>
  <session-factory>
    <property name="connection.url">jdbc:mysql://localhost:3306/emproy</property>
    <property name="connection.driver_class">com.mysql.cj.jdbc.Driver</property>
    <property name="connection.username">usuemproy</property>
    <property name="connection.password">usuemproy</property>
    <mapping class="org.example.orm.Empleado"/>
    <mapping class="org.example.orm.Sede"/>
    <mapping class="org.example.orm.Proyecto"/>
    <mapping class="org.example.orm.Departamento"/>
  </session-factory>
</hibernate-configuration>