<?xml version="1.0" encoding="utf-8" ?>
<!DOCTYPE hibernate-configuration SYSTEM
        "http://www.hibernate.org/xsd/hibernate-configuration-3.0.dtd">
<hibernate-configuration>
    <session-factory>
        <property name="hibernate.connection.driver_class">com.mysql.cj.jdbc.Driver</property>
        <property name="hibernate.connection.url">jdbc:mysql://localhost:3306/ciclosorm?createDatabaseIfNotExist=true</property>
        <property name="hibernate.connection.username">root</property>
        <property name="hibernate.connection.password">admin</property>
        <property name="hibernate.show_sql">true</property>
        <property name="hibernate.format_sql">true</property>
        <property name="hibernate.use_sql_comments">true</property>
        <property name="hibernate.hbm2ddl.auto">update</property>
        <mapping class="org.portada.modelo.Sede"/>
        <mapping class="org.portada.modelo.Departamento"/>
        <mapping class="org.portada.modelo.Empleado"/>
        <mapping class="org.portada.modelo.Proyecto"/>
        <mapping class="org.portada.modelo.CocheEmpresa"/>
        <mapping class="org.portada.modelo.DatosProfesionales"/>
    </session-factory>
</hibernate-configuration>