<?xml version="1.0" encoding="UTF-8"?>
<project-private xmlns="http://www.netbeans.org/ns/project-private/1">
    <editor-bookmarks xmlns="http://www.netbeans.org/ns/editor-bookmarks/2" lastBookmarkId="0"/>
    <open-files xmlns="http://www.netbeans.org/ns/projectui-open-files/2">
        <group>
            <file>file:/C:/Users/Alumno/Desktop/Estudios/Acceso-a-Datos/Tema%201/Ejercicios%20de%20repaso/Ejercicio1punto15/src/ejercicio1punto15/Ejercicio1punto15.java</file>
            <file>file:/C:/Users/Alumno/Desktop/Estudios/Acceso-a-Datos/Tema%201/Ejercicios%20de%20repaso/Ejercicio1punto15/src/clases/Empleado.java</file>
        </group>
    </open-files>
</project-private>
